f1,f2,f3,k1,k2,k3,dense,drop,lr,batch,epochs,mae_log,rmse_log,mae_lin,rmse_lin
96,128,128,5,9,5,192,0.1,0.0007,64,20,0.18260173499584198,0.23109592497348785,9.577547073364258,12.832730293273926
64,96,128,7,9,7,192,0.1,0.0005,128,12,0.18615876138210297,0.23384936153888702,9.796493530273438,13.224933624267578
64,64,96,5,5,7,192,0.1,0.0005,64,20,0.18567907810211182,0.23362521827220917,9.799837112426758,13.27341079711914
96,64,128,7,5,7,128,0.3,0.0005,256,12,0.19897304475307465,0.2548568546772003,10.38210391998291,13.660304069519043
96,128,96,9,5,3,192,0.1,0.0007,64,12,0.19833245873451233,0.2467096745967865,10.677938461303711,14.851022720336914
128,96,96,5,9,5,128,0.2,0.001,64,16,0.20034392178058624,0.2507592439651489,10.717185974121094,14.80616569519043
96,64,96,9,9,5,64,0.3,0.0007,128,20,0.2054355889558792,0.2612362504005432,10.849897384643555,14.388727188110352
128,64,96,9,7,3,64,0.1,0.0005,64,20,0.21336905658245087,0.2752275764942169,11.018631935119629,14.04840087890625
